{
  "outbound_dv_derivation": {
    "v_circ_LEO_km_s": 7.668558175407055,
    "v_earth_helio_km_s": 29.784691831696804,
    "v_hohmann_peri_km_s": 40.08238898319444,
    "v_inf_earth_km_s": 10.297697151497637,
    "dv_outbound_electric_km_s": 17.966255326904694,
    "dv_outbound_impulsive_km_s": 7.286579256364254
  },
  "hohmann_cruise_yr": 6.085857577229889,
  "main_sweep": [
    {
      "feasible": true,
      "m_tug_t": 6.185532849235197,
      "m_prop_outbound_t": 3.710659898112773,
      "m_LEO_allelectric_t": 9.896192747347971,
      "m_LEO_chemkick_t": 67.56192960303278,
      "chemkick_multiplier": 10.922572274656401,
      "thrust_N": 0.6628155384356533,
      "t_outbound_burn_yr": 3.479406527166228,
      "t_cruise_each_yr": 6.085857577229889,
      "t_saturn_ops_yr": 1.0,
      "m_prop_inbound_t": 57.5573895496375,
      "t_inbound_burn_yr": 53.97033476107908,
      "round_trip_yr": 70.62145644270508,
      "closes_15yr": false,
      "delivered_t": 142.4426104503625,
      "mass_model": "bundled_10_W_per_kg",
      "reactor_kwe": 10.0,
      "chunk_t": 200.0,
      "isp_s": 2000.0
    },
    {
      "feasible": true,
      "m_tug_t": 9.278299273852795,
      "m_prop_outbound_t": 5.565989847169159,
      "m_LEO_allelectric_t": 14.844289121021955,
      "m_LEO_chemkick_t": 101.34289440454914,
      "chemkick_multiplier": 10.9225722746564,
      "thrust_N": 2.6512621537426133,
      "t_outbound_burn_yr": 1.3047774476873353,
      "t_cruise_each_yr": 6.085857577229889,
      "t_saturn_ops_yr": 1.0,
      "m_prop_inbound_t": 58.42074576783501,
      "t_inbound_burn_yr": 13.69497136142186,
      "round_trip_yr": 28.17146396356897,
      "closes_15yr": false,
      "delivered_t": 141.579254232165,
      "mass_model": "bundled_10_W_per_kg",
      "reactor_kwe": 40.0,
      "chunk_t": 200.0,
      "isp_s": 2000.0
    },
    {
      "feasible": true,
      "m_tug_t": 15.463832123087991,
      "m_prop_outbound_t": 9.276649745281931,
      "m_LEO_allelectric_t": 24.740481868369923,
      "m_LEO_chemkick_t": 168.9048240075819,
      "chemkick_multiplier": 10.9225722746564,
      "thrust_N": 6.628155384356534,
      "t_outbound_burn_yr": 0.8698516317915569,
      "t_cruise_each_yr": 6.085857577229889,
      "t_saturn_ops_yr": 1.0,
      "m_prop_inbound_t": 60.14745820423004,
      "t_inbound_burn_yr": 5.639898681490415,
      "round_trip_yr": 19.68146546774175,
      "closes_15yr": false,
      "delivered_t": 139.85254179576995,
      "mass_model": "bundled_10_W_per_kg",
      "reactor_kwe": 100.0,
      "chunk_t": 200.0,
      "isp_s": 2000.0
    },
    {
      "feasible": true,
      "m_tug_t": 25.773053538479985,
      "m_prop_outbound_t": 15.461082908803219,
      "m_LEO_allelectric_t": 41.234136447283205,
      "m_LEO_chemkick_t": 281.50804001263657,
      "chemkick_multiplier": 10.922572274656403,
      "thrust_N": 13.256310768713067,
      "t_outbound_burn_yr": 0.7248763598262973,
      "t_cruise_each_yr": 6.085857577229889,
      "t_saturn_ops_yr": 1.0,
      "m_prop_inbound_t": 63.02531226488841,
      "t_inbound_burn_yr": 2.9548744548466006,
      "round_trip_yr": 16.851465969132676,
      "closes_15yr": false,
      "delivered_t": 136.9746877351116,
      "mass_model": "bundled_10_W_per_kg",
      "reactor_kwe": 200.0,
      "chunk_t": 200.0,
      "isp_s": 2000.0
    },
    {
      "feasible": true,
      "m_tug_t": 56.70071778465597,
      "m_prop_outbound_t": 34.014382399367086,
      "m_LEO_allelectric_t": 90.71510018402306,
      "m_LEO_chemkick_t": 619.3176880278004,
      "chemkick_multiplier": 10.9225722746564,
      "thrust_N": 33.14077692178267,
      "t_outbound_burn_yr": 0.6378911966471418,
      "t_cruise_each_yr": 6.085857577229889,
      "t_saturn_ops_yr": 1.0,
      "m_prop_inbound_t": 71.65887444686355,
      "t_inbound_burn_yr": 1.3438599188603122,
      "round_trip_yr": 15.153466269967232,
      "closes_15yr": false,
      "delivered_t": 128.34112555313646,
      "mass_model": "bundled_10_W_per_kg",
      "reactor_kwe": 500.0,
      "chunk_t": 200.0,
      "isp_s": 2000.0
    },
    {
      "feasible": true,
      "m_tug_t": 108.24682486161595,
      "m_prop_outbound_t": 64.93654821697352,
      "m_LEO_allelectric_t": 173.18337307858945,
      "m_LEO_chemkick_t": 1182.3337680530735,
      "chemkick_multiplier": 10.922572274656401,
      "thrust_N": 66.28155384356533,
      "t_outbound_burn_yr": 0.6088961422540898,
      "t_cruise_each_yr": 6.085857577229889,
      "t_saturn_ops_yr": 1.0,
      "m_prop_inbound_t": 86.04814475015542,
      "t_inbound_burn_yr": 0.8068550735315491,
      "round_trip_yr": 14.587466370245416,
      "closes_15yr": true,
      "delivered_t": 113.95185524984458,
      "mass_model": "bundled_10_W_per_kg",
      "reactor_kwe": 1000.0,
      "chunk_t": 200.0,
      "isp_s": 2000.0
    },
    {
      "feasible": true,
      "m_tug_t": 3.362521744915302,
      "m_prop_outbound_t": 2.0171543664071114,
      "m_LEO_allelectric_t": 5.379676111322413,
      "m_LEO_chemkick_t": 36.72738678394114,
      "chemkick_multiplier": 10.922572274656401,
      "thrust_N": 0.6628155384356533,
      "t_outbound_burn_yr": 1.891442563180835,
      "t_cruise_each_yr": 6.085857577229889,
      "t_saturn_ops_yr": 1.0,
      "m_prop_inbound_t": 56.7693364423756,
      "t_inbound_burn_yr": 53.231394195128736,
      "round_trip_yr": 68.29455191276935,
      "closes_15yr": false,
      "delivered_t": 143.2306635576244,
      "mass_model": "decomposed_mid",
      "reactor_kwe": 10.0,
      "chunk_t": 200.0,
      "isp_s": 2000.0
    },
    {
      "feasible": true,
      "m_tug_t": 4.171798266095294,
      "m_prop_outbound_t": 2.502633953504948,
      "m_LEO_allelectric_t": 6.674432219600242,
      "m_LEO_chemkick_t": 45.566768076712094,
      "chemkick_multiplier": 10.922572274656398,
      "thrust_N": 2.6512621537426133,
      "t_outbound_burn_yr": 0.5866666005527502,
      "t_cruise_each_yr": 6.085857577229889,
      "t_saturn_ops_yr": 1.0,
      "m_prop_inbound_t": 56.99524872312223,
      "t_inbound_burn_yr": 13.360806828830743,
      "round_trip_yr": 27.11918858384327,
      "closes_15yr": false,
      "delivered_t": 143.00475127687776,
      "mass_model": "decomposed_mid",
      "reactor_kwe": 40.0,
      "chunk_t": 200.0,
      "isp_s": 2000.0
    },
    {
      "feasible": true,
      "m_tug_t": 5.790346028311837,
      "m_prop_outbound_t": 3.47358996017779,
      "m_LEO_allelectric_t": 9.263935988489628,
      "m_LEO_chemkick_t": 63.24547298950567,
      "chemkick_multiplier": 10.9225722746564,
      "thrust_N": 6.628155384356534,
      "t_outbound_burn_yr": 0.325711111015283,
      "t_cruise_each_yr": 6.085857577229889,
      "t_saturn_ops_yr": 1.0,
      "m_prop_inbound_t": 57.447071810645596,
      "t_inbound_burn_yr": 5.386689217360134,
      "round_trip_yr": 18.884115482835195,
      "closes_15yr": false,
      "delivered_t": 142.55292818935442,
      "mass_model": "decomposed_mid",
      "reactor_kwe": 100.0,
      "chunk_t": 200.0,
      "isp_s": 2000.0
    },
    {
      "feasible": true,
      "m_tug_t": 8.487925632006075,
      "m_prop_outbound_t": 5.091849971299193,
      "m_LEO_allelectric_t": 13.579775603305269,
      "m_LEO_chemkick_t": 92.70998117749495,
      "chemkick_multiplier": 10.9225722746564,
      "thrust_N": 13.256310768713067,
      "t_outbound_burn_yr": 0.2387259478361272,
      "t_cruise_each_yr": 6.085857577229889,
      "t_saturn_ops_yr": 1.0,
      "m_prop_inbound_t": 58.2001102898512,
      "t_inbound_burn_yr": 2.728650013536598,
      "round_trip_yr": 16.139091115832503,
      "closes_15yr": false,
      "delivered_t": 141.7998897101488,
      "mass_model": "decomposed_mid",
      "reactor_kwe": 200.0,
      "chunk_t": 200.0,
      "isp_s": 2000.0
    },
    {
      "feasible": true,
      "m_tug_t": 16.58066444308879,
      "m_prop_outbound_t": 9.946630004663403,
      "m_LEO_allelectric_t": 26.52729444775219,
      "m_LEO_chemkick_t": 181.1035057414628,