tolerance_deg,viable_count,total_count,viable_fraction
2.0,0,58,0.0
5.0,0,58,0.0
10.0,4,58,0.06896551724137931
15.0,6,58,0.10344827586206896
30.0,10,58,0.1724137931034483
