phase,n_crossings,r_crossing_km,ring_zone,tau,p_impact_per_crossing,p_no_impact_after_n,contribution_to_failure,share_of_total_risk_pct
SOI inbound (nodes in F-G gap),1,152000.0,F-G gap,1e-05,2.2255655229619364e-05,0.9999777443447704,2.2255655229619364e-05,0.002225868343612148
Titan tour orbit crossings (F-G gap),5,152000.0,F-G gap,1e-05,2.2255655229619364e-05,0.9998887266768836,0.00011127332311644533,0.011128846347502372
B-ring inbound rendezvous,1,100000.0,B-ring,2.0,0.9883352123543536,0.01166478764564638,0.9883352123543536,98.84696897752806
B-ring outbound (post-capture),1,100000.0,B-ring,2.0,0.9883352123543536,0.01166478764564638,0.9883352123543536,98.84696897752806
Departure crossing (F-G gap),1,152000.0,F-G gap,1e-05,2.2255655229619364e-05,0.9999777443447704,2.2255655229619364e-05,0.002225868343612148
TOTAL mission impact-failure probability,9,nan,—,nan,nan,0.00013604607436941744,0.9998639539256305,100.0
