{
  "config": {
    "isp_electric_s": 2000.0,
    "isp_hydrolox_s": 450.0,
    "chunk_t": 200.0,
    "v_earth_orbit_km_s": 29.784691831696804,
    "v_saturn_orbit_km_s": 9.621691565667968,
    "dv_saturn_spiral_he_km_s": 6.159,
    "lga_credit_km_s": 2.0,
    "ceiling_yr": 15.0
  },
  "hohmann_baseline": {
    "a_km": 791567213.2349099,
    "r_apo_km": 1433536555.7698197,
    "v_perihelion_km_s": 40.08238898319444,
    "v_at_r_Saturn_km_s": 4.182830232211972,
    "dv_departure_km_s": 10.297697151497637,
    "dv_arrival_km_s": 5.438861333455995,
    "dv_total_helio_km_s": 15.736558484953633,
    "cruise_yr": 6.085857577229889
  },
  "transfers": [
    {
      "feasible": true,
      "r_apo_km": 1433536555.7698197,
      "r_apo_AU": 9.582600044839007,
      "a_km": 791567213.2349099,
      "eccentricity": 0.8110105267136619,
      "v_perihelion_km_s": 40.08238898319444,
      "v_total_at_r_Saturn_km_s": 4.182830232211972,
      "v_theta_at_r_Saturn_km_s": 4.182830232211972,
      "v_radial_at_r_Saturn_km_s": 0.0,
      "dv_departure_helio_km_s": 10.297697151497637,
      "dv_arrival_helio_km_s": 5.438861333455995,
      "dv_total_helio_km_s": 15.736558484953633,
      "cruise_yr": 6.085857577229889
    },
    {
      "feasible": true,
      "r_apo_km": 1570777635.0,
      "r_apo_AU": 10.5,
      "a_km": 860187752.85,
      "eccentricity": 0.8260869557787264,
      "v_perihelion_km_s": 40.248883549314144,
      "v_total_at_r_Saturn_km_s": 5.5561487666953235,
      "v_theta_at_r_Saturn_km_s": 4.200204907782245,
      "v_radial_at_r_Saturn_km_s": 3.637178556283965,
      "dv_departure_helio_km_s": 10.46419171761734,
      "dv_arrival_helio_km_s": 6.5285209222246365,
      "dv_total_helio_km_s": 16.992712639841976,
      "cruise_yr": 4.436384062780449
    },
    {
      "feasible": true,
      "r_apo_km": 1645576570.0,
      "r_apo_AU": 11.0,
      "a_km": 897587220.35,
      "eccentricity": 0.8333333326184538,
      "v_perihelion_km_s": 40.328663377295875,
      "v_total_at_r_Saturn_km_s": 6.107311352030864,
      "v_theta_at_r_Saturn_km_s": 4.208530396478605,
      "v_radial_at_r_Saturn_km_s": 4.425779462711704,
      "dv_departure_helio_km_s": 10.54397154559907,
      "dv_arrival_helio_km_s": 6.9921268363910745,
      "dv_total_helio_km_s": 17.536098381990143,
      "cruise_yr": 4.183054624003976
    },
    {
      "feasible": true,
      "r_apo_km": 1795174440.0,
      "r_apo_AU": 12.0,
      "a_km": 972386155.35,
      "eccentricity": 0.8461538454893428,
      "v_perihelion_km_s": 40.46942702884204,
      "v_total_at_r_Saturn_km_s": 6.97658126836994,
      "v_theta_at_r_Saturn_km_s": 4.223219901575987,
      "v_radial_at_r_Saturn_km_s": 5.553116229388939,
      "dv_departure_helio_km_s": 10.684735197145237,
      "dv_arrival_helio_km_s": 7.744714078977149,
      "dv_total_helio_km_s": 18.429449276122387,
      "cruise_yr": 3.8639666830052346
    },
    {
      "feasible": true,
      "r_apo_km": 2094370180.0,
      "r_apo_AU": 14.0,
      "a_km": 1121984025.35,
      "eccentricity": 0.866666666084365,
      "v_perihelion_km_s": 40.69363609747636,
      "v_total_at_r_Saturn_km_s": 8.177418968429459,
      "v_theta_at_r_Saturn_km_s": 4.246617420895828,
      "v_radial_at_r_Saturn_km_s": 6.988306051238309,
      "dv_departure_helio_km_s": 10.908944265779553,
      "dv_arrival_helio_km_s": 8.816339576466637,
      "dv_total_helio_km_s": 19.725283842246192,
      "cruise_yr": 3.517388973074825
    },
    {
      "feasible": true,
      "r_apo_km": 2543163790.0,
      "r_apo_AU": 17.0,
      "a_km": 1346380830.35,
      "eccentricity": 0.8888888883978607,
      "v_perihelion_km_s": 40.935143477531824,
      "v_total_at_r_Saturn_km_s": 9.305059574098145,
      "v_theta_at_r_Saturn_km_s": 4.2718201195429035,
      "v_radial_at_r_Saturn_km_s": 8.266540179771946,
      "dv_departure_helio_km_s": 11.15045164583502,
      "dv_arrival_helio_km_s": 9.846664970123046,
      "dv_total_helio_km_s": 20.997116615958063,
      "cruise_yr": 3.253704850496824
    },
    {
      "feasible": true,
      "r_apo_km": 2991957400.0,
      "r_apo_AU": 20.0,
      "a_km": 1570777635.35,
      "eccentricity": 0.9047619043374866,
      "v_perihelion_km_s": 41.106780052779314,
      "v_total_at_r_Saturn_km_s": 10.033221240408018,
      "v_theta_at_r_Saturn_km_s": 4.289731393648834,
      "v_radial_at_r_Saturn_km_s": 9.069935668422254,
      "dv_departure_helio_km_s": 11.32208822108251,
      "dv_arrival_helio_km_s": 10.52109938672364,
      "dv_total_helio_km_s": 21.84318760780615,
      "cruise_yr": 3.105838624296782
    },
    {
      "feasible": true,
      "r_apo_km": 3739946750.0,
      "r_apo_AU": 25.0,
      "a_km": 1944772310.35,
      "eccentricity": 0.9230769227308276,
      "v_perihelion_km_s": 41.30393600515877,
      "v_total_at_r_Saturn_km_s": 10.812644989531934,
      "v_theta_at_r_Saturn_km_s": 4.310305763066263,
      "v_radial_at_r_Saturn_km_s": 9.916378164356571,
      "dv_departure_helio_km_s": 11.519244173461963,
      "dv_arrival_helio_km_s": 11.24923886503468,
      "dv_total_helio_km_s": 22.768483038496644,
      "cruise_yr": 2.96285841555437
    },
    {
      "feasible": true,
      "r_apo_km": 4487936100.0,
      "r_apo_AU": 30.0,
      "a_km": 2318766985.35,
      "eccentricity": 0.9354838706755957,
      "v_perihelion_km_s": 41.43696029863665,
      "v_total_at_r_Saturn_km_s": 11.310165380850496,
      "v_theta_at_r_Saturn_km_s": 4.324187621171357,
      "v_radial_at_r_Saturn_km_s": 10.450896725118731,
      "dv_departure_helio_km_s": 11.652268466939844,
      "dv_arrival_helio_km_s": 11.71685923791246,
      "dv_total_helio_km_s": 23.369127704852303,
      "cruise_yr": 2.878641196475689
    },
    {
      "feasible": true,
      "r_apo_km": 5983914800.0,
      "r_apo_AU": 40.0,
      "a_km": 3066756335.35,
      "eccentricity": 0.951219511972435,
      "v_perihelion_km_s": 41.60506224846135,
      "v_total_at_r_Saturn_km_s": 11.911312557805836,
      "v_theta_at_r_Saturn_km_s": 4.341730036572679,
      "v_radial_at_r_Saturn_km_s": 11.091832451820826,
      "dv_departure_helio_km_s": 11.820370416764547,
      "dv_arrival_helio_km_s": 12.284410481907216,
      "dv_total_helio_km_s": 24.104780898671763,
      "cruise_yr": 2.7832812769288076
    },
    {
      "feasible": true,
      "r_apo_km": 8975872200.0,
      "r_apo_AU": 60.0,
      "a_km": 4562735035.35,
      "eccentricity": 0.9672131146031965,
      "v_perihelion_km_s": 41.77522681319588,
      "v_total_at_r_Saturn_km_s": 12.492707370516582,
      "v_theta_at_r_Saturn_km_s": 4.359487697826882,
      "v_radial_at_r_Saturn_km_s": 11.707373935168185,
      "dv_departure_helio_km_s": 11.990534981499074,
      "dv_arrival_helio_km_s": 12.835629863959815,
      "dv_total_helio_km_s": 24.82616484545889,
      "cruise_yr": 2.697011606694701
    }
  ],
  "closures_500kwe": [
    {
      "feasible": true,
      "reactor_kwe": 500.0,
      "cruise_yr": 6.085857577229889,
      "r_apo_AU": 9.582600044839007,
      "dv_helio_departure_km_s": 10.297697151497637,
      "dv_helio_arrival_km_s": 5.438861333455995,
      "dv_helio_total_km_s": 15.736558484953633,
      "dv_inbound_electric_km_s": 19.895558484953632,
      "m_tug_t": 63.36742509821083,
      "m_outbound_kick_prop_t": 683.3389611720502,
      "m_LEO_mission1_t": 756.706386270261,
      "m_prop_inbound_t": 167.86429822469358,
      "delivered_t": 32.135701775306416,
      "delivered_fraction": 0.16067850887653207,
      "thrust_inbound_N": 33.14077692178267,
      "mass_ratio_inbound": 2.757683946612994,
      "t_inbound_burn_yr": 3.148055337640789,
      "round_trip_yr": 16.319770492100567,
      "closes_strict_15yr": false,
      "closes_soft_16yr": false,
      "closes_double_soft_17yr": true
    },
    {
      "feasible": true,
      "reactor_kwe": 500.0,
      "cruise_yr": 4.436384062780449,
      "r_apo_AU": 10.5,
      "dv_helio_departure_km_s": 10.46419171761734,
      "dv_helio_arrival_km_s": 6.5285209222246365,