{
  "baseline_single_string": 0.562096057415625,
  "after_redundancy": 0.9346689664014888,
  "clears_L0_10_0p90": true
}