{
  "modes": {
    "A_aerocapture_single_pass": {
      "periapsis_altitude_km": 90,
      "atm_density_kg_per_m3": 0.0001,
      "entry_velocity_m_s": 12619.447830906536,
      "q_convective_W_per_m2": 2855122.039777433,
      "q_radiative_W_per_m2": 1578748.2928690375,
      "q_total_W_per_m2": 4433870.3326464705,
      "Q_per_pass_J_per_m2": 532064439.91757643,
      "ablation_kg_per_m2": 21.282577596703057,
      "total_ablation_kg": 532.0644399175765,
      "chunk_ablation_fraction": 0.005320644399175765,
      "T_equilibrium_gray_K": 2973.670283514621,
      "T_equilibrium_mli_K": 4018.023747430034,
      "bag_survives": false,
      "n_passes": 1,
      "time_days": 0.1
    },
    "B_aerobraking_multipass": {
      "periapsis_altitude_km": 180,
      "atm_density_kg_per_m3": 5e-10,
      "entry_velocity_m_s": 12552.2526650458,
      "q_convective_W_per_m2": 6282.805839866607,
      "q_radiative_W_per_m2": 3437.1975708646646,
      "q_total_W_per_m2": 9720.003410731271,
      "Q_per_pass_J_per_m2": 3499201.2278632578,
      "Q_total_campaign_J_per_m2": 15899607553542.969,
      "ablation_kg_per_m2": 635984.3021417188,
      "total_ablation_kg": 15899607.55354297,
      "chunk_ablation_fraction": 158.9960755354297,
      "T_equilibrium_gray_K": 643.4483183279166,
      "T_equilibrium_mli_K": 869.4274673350068,
      "bag_survives": false,
      "n_passes": 4543782,
      "time_days": 22718910.0,
      "time_months": 757297.0
    },
    "C_intermediate_130km": {
      "periapsis_altitude_km": 130,
      "q_total_W_per_m2": 138976.26870012932,
      "T_equilibrium_mli_K": 1690.6430129629134,
      "n_passes": 22719,
      "time_days": 113595.0,
      "total_ablation_kg": 1136664.6654953659,
      "bag_survives": false
    }
  },
  "altitude_sweep": [
    {
      "altitude_km": 90,
      "rho_kg_per_m3": 0.0001,
      "v_entry_m_s": 12619.447830906536,
      "q_total_kW_per_m2": 4433.87033264647,
      "dv_per_pass_m_s": 284.81000329781256,
      "n_passes_needed": 22,
      "T_eq_gray_K": 2973.670283514621,
      "T_eq_high_e_K": 3144.2735047355154,
      "T_eq_mli_K": 4018.023747430034,
      "bag_survives_gray": false,
      "bag_survives_high_e": false,
      "bag_survives_mli": false
    },
    {
      "altitude_km": 100,
      "rho_kg_per_m3": 1e-05,
      "v_entry_m_s": 12611.90737064434,
      "q_total_kW_per_m2": 1399.0056340808808,
      "dv_per_pass_m_s": 28.485976897150643,
      "n_passes_needed": 211,
      "T_eq_gray_K": 2228.7016352267765,
      "T_eq_high_e_K": 2356.565063871788,
      "T_eq_mli_K": 3011.421994537111,
      "bag_survives_gray": false,
      "bag_survives_high_e": false,
      "bag_survives_mli": false
    },
    {
      "altitude_km": 110,
      "rho_kg_per_m3": 1e-06,
      "v_entry_m_s": 12604.385664045147,
      "q_total_kW_per_m2": 441.4259932943599,
      "dv_per_pass_m_s": 2.4079249807147227,
      "n_passes_needed": 2492,
      "T_eq_gray_K": 1670.3656159678058,
      "T_eq_high_e_K": 1766.196601763555,
      "T_eq_mli_K": 2256.9982788800467,
      "bag_survives_gray": false,
      "bag_survives_high_e": false,
      "bag_survives_mli": false
    },
    {
      "altitude_km": 130,
      "rho_kg_per_m3": 1e-07,
      "v_entry_m_s": 12589.398216732401,
      "q_total_kW_per_m2": 138.9762687001293,
      "dv_per_pass_m_s": 0.24087658069538428,
      "n_passes_needed": 24910,
      "T_eq_gray_K": 1251.2158224288798,
      "T_eq_high_e_K": 1322.9996549984494,
      "T_eq_mli_K": 1690.6430129629134,
      "bag_survives_gray": false,
      "bag_survives_high_e": false,
      "bag_survives_mli": false
    },
    {
      "altitude_km": 150,
      "rho_kg_per_m3": 1e-08,
      "v_entry_m_s": 12574.484902759237,
      "q_total_kW_per_m2": 43.755350612807185,
      "dv_per_pass_m_s": 0.059023060134577914,
      "n_passes_needed": 101656,
      "T_eq_gray_K": 937.2487241367141,
      "T_eq_high_e_K": 991.0198675984942,
      "T_eq_mli_K": 1266.4106211462235,
      "bag_survives_gray": false,
      "bag_survives_high_e": false,
      "bag_survives_mli": false
    },
    {
      "altitude_km": 180,
      "rho_kg_per_m3": 5e-10,
      "v_entry_m_s": 12552.2526650458,
      "q_total_kW_per_m2": 9.720003410731271,
      "dv_per_pass_m_s": 0.002952696491196649,
      "n_passes_needed": 2032041,
      "T_eq_gray_K": 643.4483183279166,
      "T_eq_high_e_K": 680.3637613090954,
      "T_eq_mli_K": 869.4274673350068,
      "bag_survives_gray": true,
      "bag_survives_high_e": true,
      "bag_survives_mli": false
    },
    {
      "altitude_km": 200,
      "rho_kg_per_m3": 1.5e-10,
      "v_entry_m_s": 12537.52216111158,
      "q_total_kW_per_m2": 5.300743350067747,
      "dv_per_pass_m_s": 0.0008861175098265749,
      "n_passes_needed": 6771111,
      "T_eq_gray_K": 552.9441403709131,
      "T_eq_high_e_K": 584.6672443160489,
      "T_eq_mli_K": 747.1382080688203,
      "bag_survives_gray": true,
      "bag_survives_high_e": true,
      "bag_survives_mli": false
    }
  ],
  "time_penalty_fraction": 4442.927544734526,
  "material_tolerances": {
    "polyimide_continuous_K": 700,
    "polyimide_short_term_K": 800,
    "vectran_K": 600,
    "aluminized_mylar_K": 520,
    "bag_emissivity_assumed": 0.3,
    "Q_sublimation_water_ice_MJ_per_kg": 2.84,
    "Q_effective_with_blocking_MJ_per_kg": 25.0
  }
}