{
  "target_id": "604",
  "epoch_utc": "2045-01-01",
  "jd_tdb": 2467981.5,
  "x_km": -197096.9617156212,
  "y_km": 322598.0505371899,
  "z_km": -6759.519232919878,
  "vx_kms": -8.495980507090884,
  "vy_kms": -5.16450521472781,
  "vz_kms": 1.116468010288716,
  "r_km": 378103.6969247783,
  "v_kms": 10.00501372851717
}