{
  "target_id": "602",
  "epoch_utc": "2045-01-01",
  "jd_tdb": 2467981.5,
  "x_km": -197435.0630630397,
  "y_km": 131326.0305989512,
  "z_km": 7356.779203318308,
  "vx_kms": -6.990325156950902,
  "vy_kms": -10.48113740454972,
  "vz_kms": 1.374721347917442,
  "r_km": 237236.70171335107,
  "v_kms": 12.673150590021876
}