{
  "target_id": "607",
  "epoch_utc": "2045-01-01",
  "jd_tdb": 2467981.5,
  "x_km": -712441.7216270908,
  "y_km": -1135195.85068205,
  "z_km": 126646.5365529938,
  "vx_kms": 4.763151614526963,
  "vy_kms": -2.816602831370278,
  "vz_kms": -0.2048430149971964,
  "r_km": 1346210.2998200487,
  "v_kms": 5.537402412092427
}