{
  "target_id": "608",
  "epoch_utc": "2045-01-01",
  "jd_tdb": 2467981.5,
  "x_km": 801399.0602438378,
  "y_km": -3374414.06054831,
  "z_km": -806410.1822961189,
  "vx_kms": 3.095481810106398,
  "vy_kms": 0.9378733236589625,
  "vz_kms": -0.4400266730533604,
  "r_km": 3560787.565679354,
  "v_kms": 3.2642361251798406
}