{
  "target_id": "601",
  "epoch_utc": "2045-01-01",
  "jd_tdb": 2467981.5,
  "x_km": -177005.0540523738,
  "y_km": -37516.07854377033,
  "z_km": 22519.40307256072,
  "vx_kms": 2.966195791792853,
  "vy_kms": -14.2614842594551,
  "vz_kms": 0.6145694963033339,
  "r_km": 182333.12596489585,
  "v_kms": 14.579641505322474
}