{
  "target_id": "609",
  "epoch_utc": "2045-01-01",
  "jd_tdb": 2467981.5,
  "x_km": -1689820.719482349,
  "y_km": -10113040.38020006,
  "z_km": -3955522.933031913,
  "vx_kms": -1.947885835149231,
  "vy_kms": 0.2305604423591893,
  "vz_kms": 0.3564517563770284,
  "r_km": 10989778.954523617,
  "v_kms": 1.9936085872056606
}