{
  "target_id": "605",
  "epoch_utc": "2045-01-01",
  "jd_tdb": 2467981.5,
  "x_km": 446248.5543227556,
  "y_km": -279111.8878199692,
  "z_km": -20797.46198957803,
  "vx_kms": 4.442020582468893,
  "vy_kms": 7.181366723478594,
  "vz_kms": -0.8835283448158123,
  "r_km": 526757.7741075915,
  "v_kms": 8.49024129269928
}