{
  "target_id": "603",
  "epoch_utc": "2045-01-01",
  "jd_tdb": 2467981.5,
  "x_km": -266225.6050604637,
  "y_km": -122896.0024362983,
  "z_km": 31346.4077587332,
  "vx_kms": 4.763379708624123,
  "vy_kms": -10.30340191195385,
  "vz_kms": 0.132312589643698,
  "r_km": 294893.36629366456,
  "v_kms": 11.351977088999279
}