{
  "target_id": "606",
  "epoch_utc": "2045-01-01",
  "jd_tdb": 2467981.5,
  "x_km": 454763.0153361124,
  "y_km": 1113879.222302675,
  "z_km": -114239.0313612939,
  "vx_kms": -5.134980860379909,
  "vy_kms": 2.290349295387078,
  "vz_kms": 0.3074832225717049,
  "r_km": 1208547.4249203347,
  "v_kms": 5.631010057131061
}