{
  "vehicle": {
    "m_chunk_kg": 50000.0,
    "m_tug_bag_kg": 5000.0,
    "m_vehicle_bare_kg": 55000.0,
    "A_bare_m2": 12.5,
    "beta_bare_kg_per_m2": 4400.0,
    "v_inf_km_s": 6.0
  },
  "heritage": {
    "Mars_Global_Surveyor_beta": 100.0,
    "LOFTID_2022_beta": 42.0,
    "IRDT_Russia_beta": 90.0,
    "LOFTID_peak_heat_flux_W_per_m2": 350000.0,
    "HIAD2_design_tolerance_W_per_m2": 500000.0,
    "HIAD_next_gen_research_W_per_m2": 2500000.0
  },
  "sizing_by_beta": {
    "aerocapture_aggressive_500": {
      "beta_target_kg_per_m2": 500.0,
      "rows_by_areal_density": {
        "optimistic_5": {
          "areal_density_kg_per_m2": 5.0,
          "skirt_area_m2": 111.11111111111111,
          "skirt_diameter_m": 11.894160774351809,
          "skirt_nose_radius_m": 5.947080387175904,
          "skirt_mass_kg": 555.5555555555555,
          "skirt_mass_t": 0.5555555555555556,
          "vehicle_mass_with_skirt_kg": 55555.555555555555,
          "vehicle_mass_with_skirt_t": 55.55555555555556,
          "beta_actual": 500.0,
          "q_convective_W_per_m2": 1433898.4708067952,
          "q_radiative_W_per_m2": 792878.4589222743,
          "q_total_W_per_m2": 2226776.9297290696,
          "T_eq_K_eps_0p8": 2646.937869458305,
          "within_LOFTID_demonstrated": false,
          "within_HIAD2_design": false,
          "within_HIAD_next_gen": true,
          "fits_in_5t_tug_budget": true,
          "fits_in_10t_growth_budget": true
        },
        "baseline_10": {
          "areal_density_kg_per_m2": 10.0,
          "skirt_area_m2": 112.24489795918367,
          "skirt_diameter_m": 11.95469124554858,
          "skirt_nose_radius_m": 5.97734562277429,
          "skirt_mass_kg": 1122.4489795918366,
          "skirt_mass_t": 1.1224489795918366,
          "vehicle_mass_with_skirt_kg": 56122.448979591834,
          "vehicle_mass_with_skirt_t": 56.12244897959184,
          "beta_actual": 500.0,
          "q_convective_W_per_m2": 1430263.7179488456,
          "q_radiative_W_per_m2": 790868.6114308038,
          "q_total_W_per_m2": 2221132.3293796494,
          "T_eq_K_eps_0p8": 2645.2588586694947,
          "within_LOFTID_demonstrated": false,
          "within_HIAD2_design": false,
          "within_HIAD_next_gen": true,
          "fits_in_5t_tug_budget": true,
          "fits_in_10t_growth_budget": true
        },
        "conservative_15": {
          "areal_density_kg_per_m2": 15.0,
          "skirt_area_m2": 113.4020618556701,
          "skirt_diameter_m": 12.016155358896711,
          "skirt_nose_radius_m": 6.0080776794483555,
          "skirt_mass_kg": 1701.0309278350514,
          "skirt_mass_t": 1.7010309278350515,
          "vehicle_mass_with_skirt_kg": 56701.030927835054,
          "vehicle_mass_with_skirt_t": 56.701030927835056,
          "beta_actual": 500.00000000000006,
          "q_convective_W_per_m2": 1426601.0407212402,
          "q_radiative_W_per_m2": 788843.323075402,
          "q_total_W_per_m2": 2215444.363796642,
          "T_eq_K_eps_0p8": 2643.563708429302,
          "within_LOFTID_demonstrated": false,
          "within_HIAD2_design": false,
          "within_HIAD_next_gen": true,
          "fits_in_5t_tug_budget": true,
          "fits_in_10t_growth_budget": true
        }
      }
    },
    "aerocapture_nominal_200": {
      "beta_target_kg_per_m2": 200.0,
      "rows_by_areal_density": {
        "optimistic_5": {
          "areal_density_kg_per_m2": 5.0,
          "skirt_area_m2": 282.05128205128204,
          "skirt_diameter_m": 18.95043128667375,
          "skirt_nose_radius_m": 9.475215643336876,
          "skirt_mass_kg": 1410.2564102564102,
          "skirt_mass_t": 1.4102564102564101,
          "vehicle_mass_with_skirt_kg": 56410.25641025641,
          "vehicle_mass_with_skirt_t": 56.41025641025641,
          "beta_actual": 200.0,
          "q_convective_W_per_m2": 1135993.2601101089,
          "q_radiative_W_per_m2": 628150.8794101749,
          "q_total_W_per_m2": 1764144.1395202838,
          "T_eq_K_eps_0p8": 2497.227366850272,
          "within_LOFTID_demonstrated": false,
          "within_HIAD2_design": false,
          "within_HIAD_next_gen": true,
          "fits_in_5t_tug_budget": true,
          "fits_in_10t_growth_budget": true
        },
        "baseline_10": {
          "areal_density_kg_per_m2": 10.0,
          "skirt_area_m2": 289.4736842105263,
          "skirt_diameter_m": 19.19815985705455,
          "skirt_nose_radius_m": 9.599079928527274,
          "skirt_mass_kg": 2894.736842105263,
          "skirt_mass_t": 2.894736842105263,
          "vehicle_mass_with_skirt_kg": 57894.73684210526,
          "vehicle_mass_with_skirt_t": 57.89473684210526,
          "beta_actual": 200.0,
          "q_convective_W_per_m2": 1128640.1666023203,
          "q_radiative_W_per_m2": 624084.9643070739,
          "q_total_W_per_m2": 1752725.130909394,
          "T_eq_K_eps_0p8": 2493.1764875066956,
          "within_LOFTID_demonstrated": false,
          "within_HIAD2_design": false,
          "within_HIAD_next_gen": true,
          "fits_in_5t_tug_budget": true,
          "fits_in_10t_growth_budget": true
        },
        "conservative_15": {
          "areal_density_kg_per_m2": 15.0,
          "skirt_area_m2": 297.2972972972973,
          "skirt_diameter_m": 19.45586480889002,
          "skirt_nose_radius_m": 9.72793240444501,
          "skirt_mass_kg": 4459.459459459459,
          "skirt_mass_t": 4.459459459459459,
          "vehicle_mass_with_skirt_kg": 59459.45945945946,
          "vehicle_mass_with_skirt_t": 59.45945945945946,
          "beta_actual": 200.0,
          "q_convective_W_per_m2": 1121140.4811079795,
          "q_radiative_W_per_m2": 619937.9907254584,
          "q_total_W_per_m2": 1741078.471833438,
          "T_eq_K_eps_0p8": 2489.024408327218,
          "within_LOFTID_demonstrated": false,
          "within_HIAD2_design": false,
          "within_HIAD_next_gen": true,
          "fits_in_5t_tug_budget": true,
          "fits_in_10t_growth_budget": true
        }
      }
    },
    "aerocapture_loftid_class_100": {
      "beta_target_kg_per_m2": 100.0,
      "rows_by_areal_density": {
        "optimistic_5": {
          "areal_density_kg_per_m2": 5.0,
          "skirt_area_m2": 578.9473684210526,
          "skirt_diameter_m": 27.150298042453265,
          "skirt_nose_radius_m": 13.575149021226633,
          "skirt_mass_kg": 2894.736842105263,
          "skirt_mass_t": 2.894736842105263,
          "vehicle_mass_with_skirt_kg": 57894.73684210526,
          "vehicle_mass_with_skirt_t": 57.89473684210526,
          "beta_actual": 100.0,
          "q_convective_W_per_m2": 949069.4702072463,
          "q_radiative_W_per_m2": 524790.8092995608,
          "q_total_W_per_m2": 1473860.2795068072,
          "T_eq_K_eps_0p8": 2387.4739837969582,
          "within_LOFTID_demonstrated": false,
          "within_HIAD2_design": false,
          "within_HIAD_next_gen": true,
          "fits_in_5t_tug_budget": true,
          "fits_in_10t_growth_budget": true
        },
        "baseline_10": {
          "areal_density_kg_per_m2": 10.0,
          "skirt_area_m2": 611.1111111111111,
          "skirt_diameter_m": 27.894279572946683,
          "skirt_nose_radius_m": 13.947139786473342,
          "skirt_mass_kg": 6111.111111111111,
          "skirt_mass_t": 6.111111111111112,
          "vehicle_mass_with_skirt_kg": 61111.11111111111,
          "vehicle_mass_with_skirt_t": 61.11111111111111,
          "beta_actual": 100.0,
          "q_convective_W_per_m2": 936327.3930356507,
          "q_radiative_W_per_m2": 517745.03952089656,
          "q_total_W_per_m2": 1454072.4325565472,
          "T_eq_K_eps_0p8": 2379.419844480349,
          "within_LOFTID_demonstrated": false,
          "within_HIAD2_design": false,
          "within_HIAD_next_gen": true,
          "fits_in_5t_tug_budget": false,
          "fits_in_10t_growth_budget": true
        },