{
 "H1": {
  "cases": {
   "solid_900_10t": {
    "p50_kg": 0.00830662005603904,
    "p95_kg": 0.03758396010976548,
    "p99_kg": 0.07012610249901778
   },
   "solid_900_25t": {
    "p50_kg": 0.038473952568469055,
    "p95_kg": 0.17572840736243023,
    "p99_kg": 0.34290109664245727
   },
   "solid_900_40t": {
    "p50_kg": 0.08395276052036338,
    "p95_kg": 0.375237069507332,
    "p99_kg": 0.7294167218594533
   },
   "solid_900_80t": {
    "p50_kg": 0.05306733785506994,
    "p95_kg": 0.24163269637756613,
    "p99_kg": 0.4545863263419461
   },
   "solid_900_200t": {
    "p50_kg": 0.2447998091489798,
    "p95_kg": 1.1154552309798267,
    "p99_kg": 2.072698687322578
   },
   "porous_500_10t": {
    "p50_kg": 0.012337887160864099,
    "p95_kg": 0.05654414078000793,
    "p99_kg": 0.1096433110637275
   },
   "porous_500_25t": {
    "p50_kg": 0.05713324536731179,
    "p95_kg": 0.25954091981411853,
    "p99_kg": 0.4691085363344469
   },
   "porous_500_40t": {
    "p50_kg": 0.1257360295383999,
    "p95_kg": 0.5862437152146974,
    "p99_kg": 1.085353459319427
   },
   "porous_500_80t": {
    "p50_kg": 0.07975400077493122,
    "p95_kg": 0.36144240418549023,
    "p99_kg": 0.6654203860729018
   },
   "porous_500_200t": {
    "p50_kg": 0.36389782588545366,
    "p95_kg": 1.6396657505241512,
    "p99_kg": 3.110298732499607
   }
  },
  "max_p95_kg": 1.6396657505241512,
  "held": false
 },
 "H2": {
  "L_Nms": 175024.774311662,
  "coldgas_kg": 182.11795922286186,
  "met_kg": 15.93532143200041,
  "held": false
 },
 "H3": {
  "worst_damp_s": 5322.680157965874,
  "held": false
 },
 "H4": {
  "cases_deg_s": {
   "solid_900_10t_median": 0.0013486679800106824,
   "solid_900_10t_stress_1rpm": 0.13486679800106824,
   "solid_900_25t_median": 0.0036706413755172194,
   "solid_900_25t_stress_1rpm": 0.367064137551722,
   "solid_900_40t_median": 0.006116860034859531,
   "solid_900_40t_stress_1rpm": 0.6116860034859533,
   "solid_900_80t_median": 0.002582974075133158,
   "solid_900_80t_stress_1rpm": 1.2914870375665788,
   "solid_900_200t_median": 0.006011996791928238,
   "solid_900_200t_stress_1rpm": 3.0059983959641188,
   "porous_500_10t_median": 0.0019743706944002543,
   "porous_500_10t_stress_1rpm": 0.1974370694400254,
   "porous_500_25t_median": 0.005276685535652938,
   "porous_500_25t_stress_1rpm": 0.5276685535652939,
   "porous_500_40t_median": 0.008629252937304448,
   "porous_500_40t_stress_1rpm": 0.8629252937304449,
   "porous_500_80t_median": 0.0034643658200247817,
   "porous_500_80t_stress_1rpm": 1.7321829100123904,
   "porous_500_200t_median": 0.007172301420065206,
   "porous_500_200t_stress_1rpm": 3.5861507100326024
  },
  "held": true
 },
 "H5": {
  "cells_close_before": 5,
  "cells_close_after": 5,
  "flips": 0,
  "despin_charge_kg": 1.6396657505241512,
  "held": true
 }
}