{
 "H1": {
  "cases": {
   "solid_900_25t": 0.882,
   "solid_900_40t": 0.493,
   "solid_900_80t": 0.323,
   "solid_900_200t": 0.251,
   "porous_500_25t": 0.882,
   "porous_500_40t": 0.493,
   "porous_500_80t": 0.323,
   "porous_500_200t": 0.251
  },
  "held": false
 },
 "H2": {
  "cases": {
   "solid_900_25t_s0.6": 0.41,
   "solid_900_25t_s0.8": 1.24,
   "solid_900_25t_s1": 2.07,
   "solid_900_40t_s0.6": 0.27,
   "solid_900_40t_s0.8": 0.81,
   "solid_900_40t_s1": 1.35,
   "solid_900_80t_s0.6": 0.22,
   "solid_900_80t_s0.8": 0.67,
   "solid_900_80t_s1": 1.12,
   "solid_900_200t_s0.6": 0.24,
   "solid_900_200t_s0.8": 0.71,
   "solid_900_200t_s1": 1.18,
   "porous_500_25t_s0.6": 0.5,
   "porous_500_25t_s0.8": 1.51,
   "porous_500_25t_s1": 2.52,
   "porous_500_40t_s0.6": 0.33,
   "porous_500_40t_s0.8": 0.99,
   "porous_500_40t_s1": 1.65,
   "porous_500_80t_s0.6": 0.27,
   "porous_500_80t_s0.8": 0.81,
   "porous_500_80t_s1": 1.36,
   "porous_500_200t_s0.6": 0.29,
   "porous_500_200t_s0.8": 0.86,
   "porous_500_200t_s1": 1.44
  },
  "held": false
 },
 "H3": {
  "cases": {
   "solid_900_25t_10kWe_s0.6": 0.00037,
   "solid_900_25t_10kWe_s0.8": 0.00112,
   "solid_900_25t_10kWe_s1": 0.00187,
   "solid_900_25t_30kWe_s0.6": 0.00112,
   "solid_900_25t_30kWe_s0.8": 0.00337,
   "solid_900_25t_30kWe_s1": 0.00561,
   "solid_900_25t_100kWe_s0.6": 0.00374,
   "solid_900_25t_100kWe_s0.8": 0.01122,
   "solid_900_25t_100kWe_s1": 0.0187,
   "solid_900_40t_10kWe_s0.6": 0.00018,
   "solid_900_40t_10kWe_s0.8": 0.00055,
   "solid_900_40t_10kWe_s1": 0.00092,
   "solid_900_40t_30kWe_s0.6": 0.00055,
   "solid_900_40t_30kWe_s0.8": 0.00165,
   "solid_900_40t_30kWe_s1": 0.00275,
   "solid_900_40t_100kWe_s0.6": 0.00184,
   "solid_900_40t_100kWe_s0.8": 0.00551,
   "solid_900_40t_100kWe_s1": 0.00918,
   "solid_900_80t_10kWe_s0.6": 9e-05,
   "solid_900_80t_10kWe_s0.8": 0.00027,
   "solid_900_80t_10kWe_s1": 0.00045,
   "solid_900_80t_30kWe_s0.6": 0.00027,
   "solid_900_80t_30kWe_s0.8": 0.00082,
   "solid_900_80t_30kWe_s1": 0.00136,
   "solid_900_80t_100kWe_s0.6": 0.00091,
   "solid_900_80t_100kWe_s0.8": 0.00272,
   "solid_900_80t_100kWe_s1": 0.00454,
   "solid_900_200t_10kWe_s0.6": 4e-05,
   "solid_900_200t_10kWe_s0.8": 0.00013,
   "solid_900_200t_10kWe_s1": 0.00022,
   "solid_900_200t_30kWe_s0.6": 0.00013,
   "solid_900_200t_30kWe_s0.8": 0.00039,
   "solid_900_200t_30kWe_s1": 0.00065,
   "solid_900_200t_100kWe_s0.6": 0.00044,
   "solid_900_200t_100kWe_s0.8": 0.00131,
   "solid_900_200t_100kWe_s1": 0.00218,
   "porous_500_25t_10kWe_s0.6": 0.00045,
   "porous_500_25t_10kWe_s0.8": 0.00136,
   "porous_500_25t_10kWe_s1": 0.00227,
   "porous_500_25t_30kWe_s0.6": 0.00136,
   "porous_500_25t_30kWe_s0.8": 0.00409,
   "porous_500_25t_30kWe_s1": 0.00682,
   "porous_500_25t_100kWe_s0.6": 0.00455,
   "porous_500_25t_100kWe_s0.8": 0.01365,
   "porous_500_25t_100kWe_s1": 0.02275,
   "porous_500_40t_10kWe_s0.6": 0.00022,
   "porous_500_40t_10kWe_s0.8": 0.00067,
   "porous_500_40t_10kWe_s1": 0.00112,
   "porous_500_40t_30kWe_s0.6": 0.00067,
   "porous_500_40t_30kWe_s0.8": 0.00201,
   "porous_500_40t_30kWe_s1": 0.00335,
   "porous_500_40t_100kWe_s0.6": 0.00223,
   "porous_500_40t_100kWe_s0.8": 0.0067,
   "porous_500_40t_100kWe_s1": 0.01116,
   "porous_500_80t_10kWe_s0.6": 0.00011,
   "porous_500_80t_10kWe_s0.8": 0.00033,
   "porous_500_80t_10kWe_s1": 0.00055,
   "porous_500_80t_30kWe_s0.6": 0.00033,
   "porous_500_80t_30kWe_s0.8": 0.00099,
   "porous_500_80t_30kWe_s1": 0.00166,
   "porous_500_80t_100kWe_s0.6": 0.0011,
   "porous_500_80t_100kWe_s0.8": 0.00331,
   "porous_500_80t_100kWe_s1": 0.00552,
   "porous_500_200t_10kWe_s0.6": 5e-05,
   "porous_500_200t_10kWe_s0.8": 0.00016,
   "porous_500_200t_10kWe_s1": 0.00027,
   "porous_500_200t_30kWe_s0.6": 0.00016,
   "porous_500_200t_30kWe_s0.8": 0.00048,
   "porous_500_200t_30kWe_s1": 0.0008,
   "porous_500_200t_100kWe_s0.6": 0.00053,
   "porous_500_200t_100kWe_s0.8": 0.00159,
   "porous_500_200t_100kWe_s1": 0.00265
  },
  "held": true
 },
 "H4": {
  "cases": {
   "solid_900_25t_10kWe": 0.2495,
   "solid_900_25t_30kWe": 0.0832,
   "solid_900_25t_100kWe": 0.0249,
   "solid_900_40t_10kWe": 0.4963,
   "solid_900_40t_30kWe": 0.1654,
   "solid_900_40t_100kWe": 0.0496,
   "solid_900_80t_10kWe": 1.9193,
   "solid_900_80t_30kWe": 0.6398,
   "solid_900_80t_100kWe": 0.1919,
   "solid_900_200t_10kWe": 16.867,
   "solid_900_200t_30kWe": 5.6223,
   "solid_900_200t_100kWe": 1.6867,
   "porous_500_25t_10kWe": 0.299,
   "porous_500_25t_30kWe": 0.0997,
   "porous_500_25t_100kWe": 0.0299,
   "porous_500_40t_10kWe": 0.6408,
   "porous_500_40t_30kWe": 0.2136,
   "porous_500_40t_100kWe": 0.0641,
   "porous_500_80t_10kWe": 2.6841,
   "porous_500_80t_30kWe": 0.8947,
   "porous_500_80t_100kWe": 0.2684,
   "porous_500_200t_10kWe": 24.6156,
   "porous_500_200t_30kWe": 8.2052,
   "porous_500_200t_100kWe": 2.4616
  },
  "held": false
 }
}