arch,p5_M,p50_M,mean_M,p95_M,spread_95_over_5
VariantB_500kWe,2656.382421744834,4142.630881408802,4511.698417262385,7609.3825323528135,2.864565911166744
E_500kWe_200t,2938.3770385451307,4589.197949415569,4961.920007945759,8196.679434662716,2.7895260979581815
E_200kWe_100t,1527.1385487254747,2360.579680901249,2550.003465621667,4209.995371475819,2.7567867859726376
