{
  "base_case": {
    "chunk_t": 50.0,
    "destinations": {
      "GEO": {
        "label": "Geostationary (35786 km altitude)",
        "result": {
          "altitude_km": 35786.0,
          "capture_dv_km_per_s": 1.7368432557380364,
          "chunk_t": 50.0,
          "delivered_fraction": 0.7475676916632181,
          "delivered_t": 37.37838458316091,
          "destination_chunk_fed_dv_km_per_s": 2.208054848412469,
          "edelbaum_circularisation_dv_km_per_s": 0.47121159267443247,
          "isp_deep_space_s": 2000.0,
          "orbital_radius_km": 42164.0,
          "pre_destination_chunk_fed_dv_km_per_s": 3.5,
          "total_chunk_fed_dv_km_per_s": 5.708054848412469,
          "v_circular_km_per_s": 3.0746645801808263,
          "v_hyperbolic_at_destination_km_per_s": 5.282719428593295,
          "v_inf_km_per_s": 3.0
        }
      },
      "LEO_300km": {
        "label": "Low Earth orbit (300 km altitude)",
        "result": {
          "altitude_km": 300.0,
          "capture_dv_km_per_s": 2.420492254851901,
          "chunk_t": 50.0,
          "delivered_fraction": 0.6962083834849666,
          "delivered_t": 34.81041917424833,
          "destination_chunk_fed_dv_km_per_s": 3.6045248584889853,
          "edelbaum_circularisation_dv_km_per_s": 1.1840326036370845,
          "isp_deep_space_s": 2000.0,
          "orbital_radius_km": 6678.0,
          "pre_destination_chunk_fed_dv_km_per_s": 3.5,
          "total_chunk_fed_dv_km_per_s": 7.104524858488985,
          "v_circular_km_per_s": 7.725835197559566,
          "v_hyperbolic_at_destination_km_per_s": 11.330360056048551,
          "v_inf_km_per_s": 3.0
        }
      },
      "MEO_20000km": {
        "label": "Medium Earth orbit (20000 km altitude)",
        "result": {
          "altitude_km": 20000.0,
          "capture_dv_km_per_s": 1.7797098463780117,
          "chunk_t": 50.0,
          "delivered_fraction": 0.7412162083607098,
          "delivered_t": 37.06081041803549,
          "destination_chunk_fed_dv_km_per_s": 2.3754624331304246,
          "edelbaum_circularisation_dv_km_per_s": 0.5957525867524129,
          "isp_deep_space_s": 2000.0,
          "orbital_radius_km": 26378.0,
          "pre_destination_chunk_fed_dv_km_per_s": 3.5,
          "total_chunk_fed_dv_km_per_s": 5.875462433130425,
          "v_circular_km_per_s": 3.887296928843445,
          "v_hyperbolic_at_destination_km_per_s": 6.2627593619738695,
          "v_inf_km_per_s": 3.0
        }
      },
      "MEO_8000km": {
        "label": "Medium Earth orbit (8000 km altitude)",
        "result": {
          "altitude_km": 8000.0,
          "capture_dv_km_per_s": 1.9556271311202833,
          "chunk_t": 50.0,
          "delivered_fraction": 0.7267355072006333,
          "delivered_t": 36.336775360031666,
          "destination_chunk_fed_dv_km_per_s": 2.7625604144514897,
          "edelbaum_circularisation_dv_km_per_s": 0.8069332833312064,
          "isp_deep_space_s": 2000.0,
          "orbital_radius_km": 14378.0,
          "pre_destination_chunk_fed_dv_km_per_s": 3.5,
          "total_chunk_fed_dv_km_per_s": 6.26256041445149,
          "v_circular_km_per_s": 5.2652549797128545,
          "v_hyperbolic_at_destination_km_per_s": 8.027815394164344,
          "v_inf_km_per_s": 3.0
        }
      }
    },
    "isp_deep_space_s": 2000.0,
    "pre_destination_chunk_fed_dv_km_per_s": 3.5,
    "v_inf_post_lga_km_per_s": 3.0
  },
  "sensitivity_v_inf": {
    "v_inf_1.0_km_per_s": {
      "GEO": {
        "altitude_km": 35786.0,
        "capture_dv_km_per_s": 0.9158639093589747,
        "chunk_t": 50.0,
        "delivered_fraction": 0.779512607313365,
        "delivered_t": 38.97563036566825,
        "destination_chunk_fed_dv_km_per_s": 1.3870755020334071,
        "edelbaum_circularisation_dv_km_per_s": 0.47121159267443247,
        "isp_deep_space_s": 2000.0,
        "orbital_radius_km": 42164.0,
        "pre_destination_chunk_fed_dv_km_per_s": 3.5,
        "total_chunk_fed_dv_km_per_s": 4.887075502033407,
        "v_circular_km_per_s": 3.0746645801808263,
        "v_hyperbolic_at_destination_km_per_s": 4.4617400822142335,
        "v_inf_km_per_s": 1.0
      },
      "LEO_300km": {
        "altitude_km": 300.0,
        "capture_dv_km_per_s": 2.0617801606958803,
        "chunk_t": 50.0,
        "delivered_fraction": 0.7090542206523558,
        "delivered_t": 35.45271103261779,
        "destination_chunk_fed_dv_km_per_s": 3.245812764332965,
        "edelbaum_circularisation_dv_km_per_s": 1.1840326036370845,
        "isp_deep_space_s": 2000.0,
        "orbital_radius_km": 6678.0,
        "pre_destination_chunk_fed_dv_km_per_s": 3.5,
        "total_chunk_fed_dv_km_per_s": 6.745812764332965,
        "v_circular_km_per_s": 7.725835197559566,
        "v_hyperbolic_at_destination_km_per_s": 10.97164796189253,
        "v_inf_km_per_s": 1.0
      },
      "MEO_20000km": {
        "altitude_km": 20000.0,
        "capture_dv_km_per_s": 1.1046293250312011,
        "chunk_t": 50.0,
        "delivered_fraction": 0.7671636448651357,
        "delivered_t": 38.358182243256785,
        "destination_chunk_fed_dv_km_per_s": 1.700381911783614,
        "edelbaum_circularisation_dv_km_per_s": 0.5957525867524129,
        "isp_deep_space_s": 2000.0,
        "orbital_radius_km": 26378.0,
        "pre_destination_chunk_fed_dv_km_per_s": 3.5,
        "total_chunk_fed_dv_km_per_s": 5.200381911783614,
        "v_circular_km_per_s": 3.887296928843445,
        "v_hyperbolic_at_destination_km_per_s": 5.587678840627059,
        "v_inf_km_per_s": 1.0
      },
      "MEO_8000km": {
        "altitude_km": 8000.0,
        "capture_dv_km_per_s": 1.4408550619196667,
        "chunk_t": 50.0,
        "delivered_fraction": 0.7460552848453822,
        "delivered_t": 37.30276424226911,
        "destination_chunk_fed_dv_km_per_s": 2.247788345250873,
        "edelbaum_circularisation_dv_km_per_s": 0.8069332833312064,
        "isp_deep_space_s": 2000.0,
        "orbital_radius_km": 14378.0,
        "pre_destination_chunk_fed_dv_km_per_s": 3.5,
        "total_chunk_fed_dv_km_per_s": 5.747788345250873,
        "v_circular_km_per_s": 5.2652549797128545,
        "v_hyperbolic_at_destination_km_per_s": 7.513043324963728,
        "v_inf_km_per_s": 1.0
      }
    },
    "v_inf_3.0_km_per_s": {
      "GEO": {
        "altitude_km": 35786.0,
        "capture_dv_km_per_s": 1.7368432557380364,
        "chunk_t": 50.0,
        "delivered_fraction": 0.7475676916632181,
        "delivered_t": 37.37838458316091,
        "destination_chunk_fed_dv_km_per_s": 2.208054848412469,
        "edelbaum_circularisation_dv_km_per_s": 0.47121159267443247,
        "isp_deep_space_s": 2000.0,
        "orbital_radius_km": 42164.0,
        "pre_destination_chunk_fed_dv_km_per_s": 3.5,
        "total_chunk_fed_dv_km_per_s": 5.708054848412469,
        "v_circular_km_per_s": 3.0746645801808263,
        "v_hyperbolic_at_destination_km_per_s": 5.282719428593295,
        "v_inf_km_per_s": 3.0
      },
      "LEO_300km": {
        "altitude_km": 300.0,
        "capture_dv_km_per_s": 2.420492254851901,
        "chunk_t": 50.0,
        "delivered_fraction": 0.6962083834849666,
        "delivered_t": 34.81041917424833,
        "destination_chunk_fed_dv_km_per_s": 3.6045248584889853,
        "edelbaum_circularisation_dv_km_per_s": 1.1840326036370845,
        "isp_deep_space_s": 2000.0,
        "orbital_radius_km": 6678.0,
        "pre_destination_chunk_fed_dv_km_per_s": 3.5,
        "total_chunk_fed_dv_km_per_s": 7.104524858488985,
        "v_circular_km_per_s": 7.725835197559566,
        "v_hyperbolic_at_destination_km_per_s": 11.330360056048551,
        "v_inf_km_per_s": 3.0
      },
      "MEO_20000km": {
        "altitude_km": 20000.0,
        "capture_dv_km_per_s": 1.7797098463780117,
        "chunk_t": 50.0,
        "delivered_fraction": 0.7412162083607098,
        "delivered_t": 37.06081041803549,
        "destination_chunk_fed_dv_km_per_s": 2.3754624331304246,