{
  "model": {
    "perihelion_grid_au": [
      0.5,
      0.55,
      0.6,
      0.65,
      0.7,
      0.75,
      0.8,
      0.85,
      0.9,
      0.95,
      1.0
    ],
    "tolerances_deg": [
      2.0,
      5.0,
      10.0,
      15.0
    ],
    "budgets_kms": [
      0.0,
      0.25,
      0.5,
      1.0,
      1.5,
      2.0
    ],
    "num_launches": 58,
    "phase_grid_n": 360
  },
  "trajectory_family_stats": {
    "v_saturn_circular_kms": 9.661342322828471,
    "dv_hohmann_at_saturn_kms": 5.466881169657568,
    "crossing_nu_range_deg": 11.621618298872988,
    "crossing_t_range_yr": 0.2652221301803115,
    "dv_premium_max_kms": 1.1556804325924066,
    "dv_premium_at_perihelion_05": 1.1556804325924066
  },
  "block5_reproduction": {
    "viable_fraction_5deg_budget_0kms": 0.027777777777777776,
    "block5_expected_at_5deg": 0.0278,
    "matches": true
  },
  "headline_results": {
    "viable_fraction_5deg_at_budgets_kms": {
      "0.00": 0.027777777777777776,
      "0.25": 0.029070881226053637,
      "0.50": 0.03060344827586207,
      "1.00": 0.03481800766283524,
      "1.50": 0.03764367816091954,
      "2.00": 0.03764367816091954
    },
    "viable_fraction_10deg_at_budgets_kms": {
      "0.00": 0.05555555555555555,
      "0.25": 0.05684865900383142,
      "0.50": 0.05838122605363985,
      "1.00": 0.06259578544061303,
      "1.50": 0.06542145593869732,
      "2.00": 0.06542145593869732
    },
    "campaign_mean_deliv_5deg_at_budgets_kms": {
      "0.00": 0.15675,
      "0.25": 0.1568314655172414,
      "0.50": 0.15692801724137934,
      "1.00": 0.1571935344827586,
      "1.50": 0.15737155172413794,
      "2.00": 0.15737155172413794
    }
  },
  "hypothesis_adjudication": {
    "H1_crossing_longitude_variance_lt_5deg": {
      "status": "falsified",
      "observed_nu_range_deg": 11.621618298872988
    },
    "H2_crossing_time_range_ge_1p5yr": {
      "status": "falsified_low",
      "observed_t_range_yr": 0.2652221301803115
    },
    "H3_premium_lt_1kms": {
      "status": "marginal",
      "observed_max_premium_kms": 1.1556804325924066
    },
    "H4_viable_fraction_5deg_1kms_in_0p2_to_0p5": {
      "status": "falsified_low",
      "observed": 0.03481800766283524
    },
    "H5_campaign_mean_5deg_1kms_in_0p17_to_0p20": {
      "status": "falsified_low",
      "observed": 0.1571935344827586
    }
  }
}