{
  "targets": [
    0.7,
    0.75,
    0.8,
    0.85,
    0.9,
    0.95
  ],
  "n_subsystems": [
    4,
    5,
    6,
    7,
    8,
    9,
    10,
    11,
    12
  ],
  "required_R": {
    "0.70": {
      "4": 0.9146912192286945,
      "5": 0.9311499150948377,
      "6": 0.9422865815358938,
      "7": 0.9503227992486909,
      "8": 0.9563949075714981,
      "9": 0.9611444690366616,
      "10": 0.9649610951198176,
      "11": 0.9680950591715506,
      "12": 0.9707144696232224
    },
    "0.75": {
      "4": 0.9306048591020996,
      "5": 0.944087511294902,
      "6": 0.9531842929969365,
      "7": 0.9597356097887026,
      "8": 0.9646786299603094,
      "9": 0.9685407954527231,
      "10": 0.9716416578630735,
      "11": 0.9741861098894311,
      "12": 0.9763115757773932
    },
    "0.80": {
      "4": 0.9457416090031758,
      "5": 0.956352499790037,
      "6": 0.9634924839989961,
      "7": 0.9686250859269974,
      "8": 0.9724924724660731,
      "9": 0.9755111119790766,
      "10": 0.9779327685429285,
      "11": 0.9799185947080309,
      "12": 0.9815765298737517
    },
    "0.85": {
      "4": 0.9601845894041878,
      "5": 0.9680187850024814,
      "6": 0.9732770608546724,
      "7": 0.9770504506623949,
      "8": 0.9798900904714711,
      "9": 0.9821044037318583,
      "10": 0.9838794565405263,
      "11": 0.9853341584971306,
      "12": 0.9865480529881311
    },
    "0.90": {
      "4": 0.9740037464252967,
      "5": 0.9791483623609768,
      "6": 0.9825931938526898,
      "7": 0.9850612054411155,
      "8": 0.9869162813660015,
      "9": 0.9883615331157483,
      "10": 0.9895192582062144,
      "11": 0.9904674964312845,
      "12": 0.9912583890453033
    },
    "0.95": {
      "4": 0.9872585449014338,
      "5": 0.9897937816869885,
      "6": 0.9914875553891529,
      "7": 0.9926991680209853,
      "8": 0.993608849045455,
      "9": 0.9943169550119519,
      "10": 0.9948838031081763,
      "11": 0.9953478282678027,
      "12": 0.9957346812224394
    }
  },
  "projected_at_heritage": {
    "heritage_R_values": [
      0.93,
      0.95,
      0.97,
      0.99
    ],
    "projected_success": {
      "0.93": {
        "4": 0.7480520100000002,
        "5": 0.6956883693000002,
        "6": 0.6469901834490002,
        "7": 0.6017008706075703,
        "8": 0.5595818096650403,
        "9": 0.5204110829884876,
        "10": 0.4839823071792934,
        "11": 0.45010354567674293,
        "12": 0.41859629747937094
      },
      "0.95": {
        "4": 0.8145062499999999,
        "5": 0.7737809374999998,
        "6": 0.7350918906249998,
        "7": 0.6983372960937497,
        "8": 0.6634204312890623,
        "9": 0.6302494097246091,
        "10": 0.5987369392383787,
        "11": 0.5688000922764597,
        "12": 0.5403600876626367
      },
      "0.97": {
        "4": 0.8852928099999999,
        "5": 0.8587340256999999,
        "6": 0.8329720049289998,
        "7": 0.8079828447811298,
        "8": 0.7837433594376959,
        "9": 0.7602310586545651,
        "10": 0.7374241268949281,
        "11": 0.7153014030880802,
        "12": 0.6938423609954377
      },
      "0.99": {
        "4": 0.96059601,
        "5": 0.9509900498999999,
        "6": 0.941480149401,
        "7": 0.9320653479069899,
        "8": 0.9227446944279201,
        "9": 0.9135172474836408,
        "10": 0.9043820750088044,
        "11": 0.8953382542587164,
        "12": 0.8863848717161292
      }
    }
  }
}