{
  "rows": [
    {
      "m_dry_baseline_t": 29.0,
      "m_dry_with_overlay_t": 41.76,
      "baseline": {
        "m_dry_t": 29.0,
        "outbound_burn_yr": 0.1632044835934801,
        "outbound_propellant_t": 17.393276418320387,
        "cruise_yr_each_way": 6.085857577229889,
        "inbound_burn_yr": 0.5996580766519626,
        "inbound_propellant_t": 63.907672473421,
        "round_trip_yr": 13.93457771470522,
        "L0_05_margin_yr": 1.0654222852947797,
        "clears_L0_05": true
      },
      "with_overlay": {
        "m_dry_t": 41.76,
        "outbound_burn_yr": 0.23501445637461138,
        "outbound_propellant_t": 25.04631804238136,
        "cruise_yr_each_way": 6.085857577229889,
        "inbound_burn_yr": 0.6330713389143164,
        "inbound_propellant_t": 67.46864147237669,
        "round_trip_yr": 14.039800949748706,
        "L0_05_margin_yr": 0.960199050251294,
        "clears_L0_05": true
      }
    },
    {
      "m_dry_baseline_t": 50.0,
      "m_dry_with_overlay_t": 62.76,
      "baseline": {
        "m_dry_t": 50.0,
        "outbound_burn_yr": 0.281387040678414,
        "outbound_propellant_t": 29.988407617793772,
        "cruise_yr_each_way": 6.085857577229889,
        "inbound_burn_yr": 0.6546485552969022,
        "inbound_propellant_t": 69.7682013901976,
        "round_trip_yr": 14.107750750435095,
        "L0_05_margin_yr": 0.8922492495649053,
        "clears_L0_05": true
      },
      "with_overlay": {
        "m_dry_t": 62.76,
        "outbound_burn_yr": 0.3531970134595453,
        "outbound_propellant_t": 37.641449241854744,
        "cruise_yr_each_way": 6.085857577229889,
        "inbound_burn_yr": 0.6880618175592562,
        "inbound_propellant_t": 73.32917038915328,
        "round_trip_yr": 14.21297398547858,
        "L0_05_margin_yr": 0.7870260145214196,
        "clears_L0_05": true
      }
    },
    {
      "m_dry_baseline_t": 70.0,
      "m_dry_with_overlay_t": 82.76,
      "baseline": {
        "m_dry_t": 70.0,
        "outbound_burn_yr": 0.3939418569497796,
        "outbound_propellant_t": 41.98377066491128,
        "cruise_yr_each_way": 6.085857577229889,
        "inbound_burn_yr": 0.7070204397206543,
        "inbound_propellant_t": 75.3496575014134,
        "round_trip_yr": 14.27267745113021,
        "L0_05_margin_yr": 0.7273225488697896,
        "clears_L0_05": true
      },
      "with_overlay": {
        "m_dry_t": 82.76,
        "outbound_burn_yr": 0.4657518297309109,
        "outbound_propellant_t": 49.63681228897225,
        "cruise_yr_each_way": 6.085857577229889,
        "inbound_burn_yr": 0.7404337019830084,
        "inbound_propellant_t": 78.91062650036909,
        "round_trip_yr": 14.377900686173696,
        "L0_05_margin_yr": 0.622099313826304,
        "clears_L0_05": true
      }
    },
    {
      "m_dry_baseline_t": 80.0,
      "m_dry_with_overlay_t": 92.76,
      "baseline": {
        "m_dry_t": 80.0,
        "outbound_burn_yr": 0.45021926508546245,
        "outbound_propellant_t": 47.98145218847004,
        "cruise_yr_each_way": 6.085857577229889,
        "inbound_burn_yr": 0.7332063819325304,
        "inbound_propellant_t": 78.1403855570213,
        "round_trip_yr": 14.35514080147777,
        "L0_05_margin_yr": 0.6448591985222301,
        "clears_L0_05": true
      },
      "with_overlay": {
        "m_dry_t": 92.76,
        "outbound_burn_yr": 0.5220292378665937,
        "outbound_propellant_t": 55.63449381253101,
        "cruise_yr_each_way": 6.085857577229889,
        "inbound_burn_yr": 0.7666196441948844,
        "inbound_propellant_t": 81.70135455597699,
        "round_trip_yr": 14.460364036521256,
        "L0_05_margin_yr": 0.5396359634787444,
        "clears_L0_05": true
      }
    },
    {
      "m_dry_baseline_t": 90.0,
      "m_dry_with_overlay_t": 102.76,
      "baseline": {
        "m_dry_t": 90.0,
        "outbound_burn_yr": 0.5064966732211452,
        "outbound_propellant_t": 53.97913371202879,
        "cruise_yr_each_way": 6.085857577229889,
        "inbound_burn_yr": 0.7593923241444067,
        "inbound_propellant_t": 80.93111361262922,
        "round_trip_yr": 14.43760415182533,
        "L0_05_margin_yr": 0.5623958481746705,
        "clears_L0_05": true
      },
      "with_overlay": {
        "m_dry_t": 102.76,
        "outbound_burn_yr": 0.5783066460022765,
        "outbound_propellant_t": 61.632175336089766,
        "cruise_yr_each_way": 6.085857577229889,
        "inbound_burn_yr": 0.7928055864067605,
        "inbound_propellant_t": 84.49208261158489,
        "round_trip_yr": 14.542827386868815,
        "L0_05_margin_yr": 0.45717261313118485,
        "clears_L0_05": true
      }
    },
    {
      "m_dry_baseline_t": 100.0,
      "m_dry_with_overlay_t": 112.76,
      "baseline": {
        "m_dry_t": 100.0,
        "outbound_burn_yr": 0.562774081356828,
        "outbound_propellant_t": 59.976815235587544,
        "cruise_yr_each_way": 6.085857577229889,
        "inbound_burn_yr": 0.7855782663562828,
        "inbound_propellant_t": 83.72184166823712,
        "round_trip_yr": 14.520067502172889,
        "L0_05_margin_yr": 0.4799324978271109,
        "clears_L0_05": true
      },
      "with_overlay": {
        "m_dry_t": 112.76,
        "outbound_burn_yr": 0.6345840541379593,
        "outbound_propellant_t": 67.62985685964851,
        "cruise_yr_each_way": 6.085857577229889,
        "inbound_burn_yr": 0.8189915286186368,
        "inbound_propellant_t": 87.2828106671928,
        "round_trip_yr": 14.625290737216375,
        "L0_05_margin_yr": 0.37470926278362526,
        "clears_L0_05": true
      }
    },
    {
      "m_dry_baseline_t": 105.0,
      "m_dry_with_overlay_t": 117.76,
      "baseline": {
        "m_dry_t": 105.0,
        "outbound_burn_yr": 0.5909127854246695,
        "outbound_propellant_t": 62.97565599736692,
        "cruise_yr_each_way": 6.085857577229889,
        "inbound_burn_yr": 0.7986712374622208,
        "inbound_propellant_t": 85.11720569604107,
        "round_trip_yr": 14.561299177346669,
        "L0_05_margin_yr": 0.4387008226533311,
        "clears_L0_05": true
      },
      "with_overlay": {
        "m_dry_t": 117.76,
        "outbound_burn_yr": 0.6627227582058005,
        "outbound_propellant_t": 70.62869762142789,
        "cruise_yr_each_way": 6.085857577229889,
        "inbound_burn_yr": 0.8320844997245747,
        "inbound_propellant_t": 88.67817469499676,
        "round_trip_yr": 14.666522412390151,
        "L0_05_margin_yr": 0.333477587609849,
        "clears_L0_05": true
      }
    },
    {
      "m_dry_baseline_t": 110.0,
      "m_dry_with_overlay_t": 122.76,
      "baseline": {
        "m_dry_t": 110.0,
        "outbound_burn_yr": 0.6190514894925109,
        "outbound_propellant_t": 65.9744967591463,
        "cruise_yr_each_way": 6.085857577229889,
        "inbound_burn_yr": 0.8117642085681589,
        "inbound_propellant_t": 86.51256972384502,
        "round_trip_yr": 14.602530852520449,
        "L0_05_margin_yr": 0.3974691474795513,
        "clears_L0_05": true
      },
      "with_overlay": {
        "m_dry_t": 122.76,
        "outbound_burn_yr": 0.6908614622736422,
        "outbound_propellant_t": 73.62753838320727,
        "cruise_yr_each_way": 6.085857577229889,
        "inbound_burn_yr": 0.8451774708305126,
        "inbound_propellant_t": 90.0735387228007,
        "round_trip_yr": 14.70775408756393,
        "L0_05_margin_yr": 0.29224591243606923,
        "clears_L0_05": true
      }
    },
    {
      "m_dry_baseline_t": 120.0,
      "m_dry_with_overlay_t": 132.76,
      "baseline": {
        "m_dry_t": 120.0,
        "outbound_burn_yr": 0.6753288976281937,
        "outbound_propellant_t": 71.97217828270506,
        "cruise_yr_each_way": 6.085857577229889,
        "inbound_burn_yr": 0.8379501507800349,
        "inbound_propellant_t": 89.30329777945292,
        "round_trip_yr": 14.684994202868005,
        "L0_05_margin_yr": 0.3150057971319953,
        "clears_L0_05": true
      },