{
  "config": {
    "reactor_kwe_fixed": 1000.0,
    "chunk_t": 200.0,
    "isp_s": 2000.0,
    "m_fixed_t": 5.0,
    "f_tank": 0.05,
    "eta_thr": 0.65,
    "dv_outbound_km_s": 29.56,
    "dv_inbound_km_s": 24.7,
    "ceiling_yr": 15.0
  },
  "specific_power_grid_w_per_kg": [
    10.0,
    20.0,
    30.0,
    40.0,
    50.0,
    60.0,
    80.0,
    100.0,
    150.0,
    200.0,
    300.0
  ],
  "sweep": [
    {
      "feasible": true,
      "specific_power_w_per_kg": 10.0,
      "reactor_kwe": 1000.0,
      "m_tug_t": 127.37928391107214,
      "m_stack_t": 100.0,
      "m_prop_outbound_t": 447.58601314729043,
      "m_LEO_t": 574.9652970583626,
      "thrust_N": 66.28155384356533,
      "mass_ratio_outbound": 4.513805380314162,
      "mass_ratio_inbound": 3.523129027547338,
      "t_outbound_burn_yr": 4.196918441393794,
      "t_cruise_each_yr": 6.085857577229889,
      "t_saturn_ops_yr": 1.0,
      "t_inbound_burn_yr": 2.1984476516186486,
      "round_trip_yr": 19.56708124747222,
      "closes_15yr": false,
      "delivered_t": -34.456407300169104,
      "delivered_fraction": -0.17228203650084553,
      "m_prop_inbound_t": 234.4564073001691,
      "expected_delivered_t_uniform": 0.0,
      "expected_delivered_t_jeffreys": 0.0,
      "expected_delivered_t_skeptical": 0.0
    },
    {
      "feasible": true,
      "specific_power_w_per_kg": 20.0,
      "reactor_kwe": 1000.0,
      "m_tug_t": 66.72248204865684,
      "m_stack_t": 50.0,
      "m_prop_outbound_t": 234.4498164104855,
      "m_LEO_t": 301.1722984591423,
      "thrust_N": 66.28155384356533,
      "mass_ratio_outbound": 4.513805380314162,
      "mass_ratio_inbound": 3.523129027547338,
      "t_outbound_burn_yr": 2.1983858502538927,
      "t_cruise_each_yr": 6.085857577229889,
      "t_saturn_ops_yr": 1.0,
      "t_inbound_burn_yr": 1.7911194846801826,
      "round_trip_yr": 17.161220489393852,
      "closes_15yr": false,
      "delivered_t": 8.983653027054089,
      "delivered_fraction": 0.044918265135270447,
      "m_prop_inbound_t": 191.0163469729459,
      "expected_delivered_t_uniform": 0.011678748935170315,
      "expected_delivered_t_jeffreys": 0.003593461210821636,
      "expected_delivered_t_skeptical": 0.000898365302705409
    },
    {
      "feasible": true,
      "specific_power_w_per_kg": 30.0,
      "reactor_kwe": 1000.0,
      "m_tug_t": 46.50354809451841,
      "m_stack_t": 33.333333333333336,
      "m_prop_outbound_t": 163.40441749821719,
      "m_LEO_t": 209.9079655927356,
      "thrust_N": 66.28155384356533,
      "mass_ratio_outbound": 4.513805380314162,
      "mass_ratio_inbound": 3.523129027547338,
      "t_outbound_burn_yr": 1.5322083198739254,
      "t_cruise_each_yr": 6.085857577229889,
      "t_saturn_ops_yr": 1.0,
      "t_inbound_burn_yr": 1.6553434290340274,
      "round_trip_yr": 16.359266903367732,
      "closes_15yr": false,
      "delivered_t": 23.463673136128477,
      "delivered_fraction": 0.11731836568064238,
      "m_prop_inbound_t": 176.53632686387152,
      "expected_delivered_t_uniform": 0.03050277507696702,
      "expected_delivered_t_jeffreys": 0.009385469254451391,
      "expected_delivered_t_skeptical": 0.0023463673136128477
    },
    {
      "feasible": true,
      "specific_power_w_per_kg": 40.0,
      "reactor_kwe": 1000.0,
      "m_tug_t": 36.39408111744918,
      "m_stack_t": 25.0,
      "m_prop_outbound_t": 127.881718042083,
      "m_LEO_t": 164.27579915953217,
      "thrust_N": 66.28155384356533,
      "mass_ratio_outbound": 4.513805380314162,
      "mass_ratio_inbound": 3.523129027547338,
      "t_outbound_burn_yr": 1.1991195546839413,
      "t_cruise_each_yr": 6.085857577229889,
      "t_saturn_ops_yr": 1.0,
      "t_inbound_burn_yr": 1.5874554012109499,
      "round_trip_yr": 15.958290110354667,
      "closes_15yr": false,
      "delivered_t": 30.703683190665657,
      "delivered_fraction": 0.1535184159533283,
      "m_prop_inbound_t": 169.29631680933434,
      "expected_delivered_t_uniform": 0.03991478814786535,
      "expected_delivered_t_jeffreys": 0.012281473276266263,
      "expected_delivered_t_skeptical": 0.0030703683190665657
    },
    {
      "feasible": true,
      "specific_power_w_per_kg": 50.0,
      "reactor_kwe": 1000.0,
      "m_tug_t": 30.328400931207653,
      "m_stack_t": 20.0,
      "m_prop_outbound_t": 106.56809836840249,
      "m_LEO_t": 136.89649929961013,
      "thrust_N": 66.28155384356533,
      "mass_ratio_outbound": 4.513805380314162,
      "mass_ratio_inbound": 3.523129027547338,
      "t_outbound_burn_yr": 0.999266295569951,
      "t_cruise_each_yr": 6.085857577229889,
      "t_saturn_ops_yr": 1.0,
      "t_inbound_burn_yr": 1.546722584517103,
      "round_trip_yr": 15.71770403454683,
      "closes_15yr": false,
      "delivered_t": 35.047689223388005,
      "delivered_fraction": 0.17523844611694003,
      "m_prop_inbound_t": 164.952310776612,
      "expected_delivered_t_uniform": 0.045561995990404405,
      "expected_delivered_t_jeffreys": 0.014019075689355202,
      "expected_delivered_t_skeptical": 0.0035047689223388005
    },
    {
      "feasible": true,
      "specific_power_w_per_kg": 60.0,
      "reactor_kwe": 1000.0,
      "m_tug_t": 26.28461414037997,
      "m_stack_t": 16.666666666666668,
      "m_prop_outbound_t": 92.35901858594883,
      "m_LEO_t": 118.6436327263288,
      "thrust_N": 66.28155384356533,
      "mass_ratio_outbound": 4.513805380314162,
      "mass_ratio_inbound": 3.523129027547338,
      "t_outbound_burn_yr": 0.8660307894939575,
      "t_cruise_each_yr": 6.085857577229889,
      "t_saturn_ops_yr": 1.0,
      "t_inbound_burn_yr": 1.5195673733878725,
      "round_trip_yr": 15.557313317341606,
      "closes_15yr": false,
      "delivered_t": 37.943693245202866,
      "delivered_fraction": 0.18971846622601432,
      "m_prop_inbound_t": 162.05630675479713,
      "expected_delivered_t_uniform": 0.049326801218763726,
      "expected_delivered_t_jeffreys": 0.015177477298081147,
      "expected_delivered_t_skeptical": 0.0037943693245202866
    },
    {
      "feasible": true,
      "specific_power_w_per_kg": 80.0,
      "reactor_kwe": 1000.0,
      "m_tug_t": 21.229864765656863,
      "m_stack_t": 12.5,
      "m_prop_outbound_t": 74.59761303690715,
      "m_LEO_t": 95.827477802564,
      "thrust_N": 66.28155384356533,
      "mass_ratio_outbound": 4.513805380314162,
      "mass_ratio_inbound": 3.523129027547338,
      "t_outbound_burn_yr": 0.6994858834776101,
      "t_cruise_each_yr": 6.085857577229889,
      "t_saturn_ops_yr": 1.0,
      "t_inbound_burn_yr": 1.4856232527959303,
      "round_trip_yr": 15.356824290733318,
      "closes_15yr": false,
      "delivered_t": 41.563709649546524,
      "delivered_fraction": 0.20781854824773263,
      "m_prop_inbound_t": 158.43629035045348,
      "expected_delivered_t_uniform": 0.054032822544410476,
      "expected_delivered_t_jeffreys": 0.016625483859818612,
      "expected_delivered_t_skeptical": 0.004156370964954653
    },
    {
      "feasible": true,
      "specific_power_w_per_kg": 100.0,
      "reactor_kwe": 1000.0,
      "m_tug_t": 18.197026941991595,
      "m_stack_t": 10.0,
      "m_prop_outbound_t": 63.94081117449183,
      "m_LEO_t": 82.13783811648342,
      "thrust_N": 66.28155384356533,
      "mass_ratio_outbound": 4.513805380314162,
      "mass_ratio_inbound": 3.523129027547338,
      "t_outbound_burn_yr": 0.5995593286950943,
      "t_cruise_each_yr": 6.085857577229889,
      "t_saturn_ops_yr": 1.0,
      "t_inbound_burn_yr": 1.4652568596890647,
      "round_trip_yr": 15.236531342843936,
      "closes_15yr": false,
      "delivered_t": 43.73571104061125,
      "delivered_fraction": 0.21867855520305624,
      "m_prop_inbound_t": 156.26428895938875,
      "expected_delivered_t_uniform": 0.05685642435279462,
      "expected_delivered_t_jeffreys": 0.0174942844162445,
      "expected_delivered_t_skeptical": 0.004373571104061125
    },
    {
      "feasible": true,
      "specific_power_w_per_kg": 150.0,
      "reactor_kwe": 1000.0,